id,sdg
1,4
2,11
3,5
4,7
5,5
6,5
7,8
8,4
9,5
10,8
11,2
12,11
13,3
14,3
15,5
16,6
17,5
18,1
19,5
20,1
21,1
22,4
23,4
24,1
25,4
26,3
27,4
28,2
29,6
30,3
31,9
32,4
33,9
34,5
35,4
36,5
37,11
38,5
39,9
40,4
41,14
42,1
43,5
44,13
45,5
46,4
47,2
48,5
49,13
50,6
51,7
52,3
53,4
54,8
55,1
56,2
57,4
58,3
59,4
60,1
61,11
62,13
63,4
64,2
65,1
66,7
67,3
68,11
69,4
70,1
71,3
72,3
73,5
74,2
75,6
76,13
77,6
78,8
79,6
80,13
81,2
82,7
83,8
84,4
85,5
86,6
87,1
88,11
89,7
90,5
91,4
92,13
93,7
94,7
95,13
96,5
97,6
98,15
99,4
100,5
101,7
102,7
103,2
104,1
105,5
106,7
107,7
108,6
109,13
110,2
111,8
112,13
113,5
114,3
115,13
116,7
117,13
118,5
119,4
120,5
121,5
122,5
123,7
124,7
125,15
126,2
127,1
128,5
129,15
130,5
131,11
132,3
133,4
134,9
135,3
136,13
137,6
138,9
139,4
140,7
141,9
142,5
143,2
144,8
145,3
146,2
147,5
148,5
149,6
150,2
151,5
152,1
153,4
154,8
155,1
156,5
157,7
158,3
159,11
160,13
161,2
162,3
163,13
164,6
165,5
166,14
167,3
168,1
169,1
170,6
171,8
172,2
173,15
174,6
175,5
176,2
177,7
178,1
179,11
180,6
181,7
182,5
183,5
184,4
185,1
186,3
187,3
188,13
189,6
190,11
191,10
192,3
193,4
194,4
195,2
196,3
197,10
198,15
199,6
200,6
201,2
202,5
203,2
204,7
205,3
206,14
207,2
208,11
209,4
210,7
211,2
212,9
213,4
214,3
215,2
216,7
217,4
218,14
219,5
220,7
221,11
222,4
223,5
224,6
225,2
226,5
227,6
228,5
229,11
230,4
231,5
232,7
233,7
234,11
235,6
236,10
237,1
238,5
239,8
240,7
241,11
242,10
243,8
244,5
245,4
246,2
247,5
248,2
249,4
250,4
251,2
252,3
253,4
254,13
255,4
256,15
257,12
258,2
259,1
260,8
261,3
262,1
263,5
264,3
265,7
266,11
267,11
268,2
269,3
270,2
271,13
272,2
273,7
274,4
275,6
276,7
277,7
278,13
279,4
280,7
281,2
282,13
283,4
284,1
285,1
286,2
287,6
288,13
289,1
290,4
291,8
292,11
293,2
294,12
295,1
296,7
297,4
298,15
299,7
300,3
301,2
302,14
303,7
304,2
305,3
306,10
307,4
308,2
309,8
310,4
311,6
312,4
313,3
314,13
315,5
316,4
317,11
318,4
319,11
320,9
321,6
322,7
323,3
324,5
325,4
326,11
327,5
328,5
329,9
330,2
331,12
332,9
333,4
334,3
335,7
336,2
337,13
338,2
339,9
340,7
341,4
342,5
343,6
344,12
345,7
346,11
347,4
348,8
349,10
350,11
351,13
352,1
353,6
354,7
355,1
356,4
357,2
358,7
359,3
360,14
361,6
362,13
363,2
364,10
365,4
366,2
367,7
368,2
369,14
370,5
371,5
372,4
373,4
374,7
375,14
376,3
377,7
378,15
379,7
380,6
381,1
382,5
383,13
384,5
385,1
386,8
387,1
388,2
389,4
390,9
391,8
392,4
393,1
394,11
395,7
396,14
397,2
398,5
399,1
400,3
401,2
402,4
403,13
404,6
405,6
406,6
407,2
408,14
409,11
410,6
411,12
412,7
413,13
414,4
415,4
416,7
417,11
418,5
419,13
420,13
421,7
422,6
423,1
424,8
425,4
426,1
427,11
428,6
429,6
430,1
431,2
432,5
433,1
434,6
435,10
436,5
437,6
438,6
439,8
440,13
441,3
442,2
443,1
444,4
445,7
446,13
447,7
448,5
449,9
450,3
451,7
452,7
453,4
454,13
455,4
456,4
457,5
458,2
459,8
460,7
461,6
462,2
463,6
464,13
465,5
466,2
467,5
468,3
469,5
470,1
471,5
472,14
473,9
474,3
475,6
476,4
477,7
478,8
479,7
480,7
481,10
482,4
483,14
484,11
485,2
486,13
487,13
488,5
489,2
490,13
491,2
492,5
493,13
494,5
495,5
496,5
497,7
498,12
499,14
500,15
501,7
502,7
503,11
504,15
505,13
506,5
507,1
508,5
509,6
510,2
511,1
512,1
513,5
514,13
515,4
516,13
517,3
518,5
519,1
520,1
521,6
522,5
523,11
524,9
525,8
526,7
527,1
528,11
529,12
530,4
531,9
532,15
533,5
534,13
535,4
536,6
537,4
538,5
539,3
540,15
541,6
542,5
543,5
544,11
545,4
546,6
547,13
548,2
549,2
550,5
551,1
552,13
553,1
554,15
555,5
556,4
557,1
558,5
559,11
560,5
561,11
562,2
563,10
564,2
565,5
566,9
567,4
568,2
569,8
570,6
571,9
572,11
573,5
574,6
575,6
576,4
577,13
578,5
579,8
580,1
581,6
582,5
583,8
584,7
585,1
586,6
587,4
588,1
589,6
590,11
591,6
592,2
593,13
594,13
595,10
596,8
597,5
598,9
599,1
600,7
601,13
602,4
603,2
604,14
605,15
606,9
607,4
608,2
609,2
610,3
611,2
612,4
613,3
614,6
615,5
616,5
617,8
618,7
619,10
620,13
621,11
622,13
623,2
624,3
625,2
626,1
627,6
628,1
629,13
630,4
631,5
632,15
633,6
634,1
635,2
636,12
637,2
638,5
639,7
640,3
641,7
642,3
643,7
644,1
645,1
646,13
647,5
648,13
649,11
650,13
651,7
652,2
653,14
654,8
655,2
656,6
657,2
658,5
659,3
660,4
661,5
662,4
663,11
664,11
665,4
666,7
667,5
668,4
669,4
670,4
671,7
672,11
673,5
674,4
675,1
676,13
677,2
678,1
679,6
680,14
681,2
682,5
683,1
684,9
685,7
686,14
687,2
688,3
689,2
690,1
691,13
692,4
693,2
694,3
695,7
696,14
697,1
698,6
699,13
700,5
701,9
702,4
703,12
704,1
705,10
706,3
707,5
708,1
709,4
710,8
711,11
712,2
713,9
714,6
715,2
716,6
717,11
718,1
719,4
720,8
721,15
722,7
723,11
724,9
725,7
726,7
727,4
728,5
729,4
730,2
731,5
732,3
733,9
734,5
735,3
736,4
737,7
738,11
739,8
740,14
741,11
742,5
743,6
744,9
745,4
746,8
747,5
748,13
749,5
750,6
751,3
752,5
753,3
754,13
755,4
756,4
757,1
758,11
759,13
760,5
761,14
762,4
763,5
764,1
765,5
766,7
767,14
768,7
769,13
770,4
771,1
772,3
773,2
774,4
775,1
776,8
777,11
778,7
779,14
780,4
781,1
782,4
783,9
784,6
785,5
786,10
787,7
788,2
789,14
790,5
791,7
792,5
793,7
794,14
795,11
796,14
797,7
798,11
799,13
800,14
801,1
802,7
803,1
804,2
805,3
806,6
807,5
808,7
809,14
810,1
811,1
812,1
813,3
814,14
815,5
816,2
817,6
818,11
819,5
820,9
821,13
822,6
823,4
824,8
825,13
826,5
827,10
828,4
829,1
830,9
831,5
832,2
833,7
834,15
835,6
836,3
837,1
838,4
839,3
840,11
841,3
842,4
843,1
844,3
845,4
846,2
847,4
848,5
849,3
850,5
851,4
852,1
853,10
854,1
855,4
856,6
857,11
858,3
859,9
860,13
861,3
862,1
863,5
864,3
865,8
866,1
867,7
868,7
869,13
870,10
871,8
872,4
873,3
874,10
875,6
876,13
877,13
878,5
879,2
880,2
881,5
882,14
883,6
884,3
885,9
886,4
887,10
888,5
889,1
890,1
891,3
892,5
893,7
894,3
895,3
896,5
897,1
898,4
899,4
900,9
901,13
902,7
903,4
904,6
905,4
906,5
907,4
908,1
909,6
910,11
911,9
912,13
913,2
914,5
915,5
916,2
917,9
918,7
919,2
920,1
921,1
922,13
923,5
924,5
925,5
926,13
927,11
928,15
929,3
930,11
931,3
932,1
933,4
934,4
935,3
936,13
937,7
938,7
939,2
940,2
941,5
942,5
943,3
944,13
945,7
946,2
947,1
948,6
949,7
950,4
951,11
952,4
953,1
954,6
955,2
956,2
957,4
958,13
959,9
960,2
961,11
962,9
963,2
964,5
965,4
966,2
967,13
968,4
969,1
970,7
971,11
972,1
973,4
974,7
975,2
976,11
977,14
978,5
979,6
980,11
981,1
982,5
983,7
984,3
985,9
986,5
987,5
988,4
989,5
990,5
991,14
992,11
993,7
994,3
995,4
996,15
997,2
998,3
999,5
1000,6
1001,4
1002,13
1003,1
1004,11
1005,4
1006,11
1007,2
1008,3
1009,6
1010,1
1011,5
1012,7
1013,2
1014,3
1015,6
1016,10
1017,5
1018,2
1019,7
1020,4
1021,7
1022,5
1023,6
1024,4
1025,6
1026,13
1027,4
1028,7
1029,1
1030,6
1031,3
1032,13
1033,4
1034,8
1035,7
1036,4
1037,1
1038,1
1039,7
1040,7
1041,13
1042,9
1043,5
1044,3
1045,2
1046,5
1047,5
1048,6
1049,4
1050,13
1051,7
1052,11
1053,5
1054,15
1055,5
1056,15
1057,3
1058,5
1059,7
1060,1
1061,8
1062,13
1063,6
1064,5
1065,8
1066,8
1067,13
1068,3
1069,3
1070,13
1071,2
1072,1
1073,15
1074,4
1075,1
1076,6
1077,3
1078,5
1079,8
1080,5
1081,7
1082,3
1083,9
1084,7
1085,1
1086,7
1087,4
1088,5
1089,15
1090,5
1091,7
1092,7
1093,5
1094,3
1095,14
1096,8
1097,5
1098,7
1099,7
1100,9
1101,13
1102,3
1103,4
1104,5
1105,4
1106,1
1107,2
1108,10
1109,9
1110,1
1111,1
1112,1
1113,1
1114,5
1115,2
1116,8
1117,3
1118,8
1119,2
1120,6
1121,15
1122,7
1123,7
1124,5
1125,5
1126,4
1127,3
1128,1
1129,3
1130,2
1131,5
1132,6
1133,7
1134,1
1135,11
1136,6
1137,11
1138,5
1139,12
1140,4
1141,7
1142,3
1143,3
1144,1
1145,14
1146,7
1147,5
1148,7
1149,13
1150,10
1151,7
1152,3
1153,12
1154,9
1155,11
1156,3
1157,3
1158,13
1159,1
1160,1
1161,9
1162,4
1163,7
1164,11
1165,2
1166,7
1167,11
1168,2
1169,2
1170,7
1171,5
1172,11
1173,11
1174,11
1175,8
1176,6
1177,9
1178,5
1179,1
1180,3
1181,6
1182,9
1183,11
1184,12
1185,10
1186,7
1187,9
1188,7
1189,4
1190,5
1191,6
1192,1
1193,14
1194,5
1195,11
1196,10
1197,14
1198,2
1199,15
1200,3
1201,7
1202,5
1203,5
1204,8
1205,5
1206,2
1207,15
1208,4
1209,6
1210,5
1211,5
1212,2
1213,15
1214,4
1215,1
1216,11
1217,1
1218,2
1219,11
1220,4
1221,5
1222,1
1223,6
1224,6
1225,13
1226,7
1227,1
1228,13
1229,5
1230,7
1231,3
1232,3
1233,10
1234,5
1235,6
1236,13
1237,5
1238,13
1239,7
1240,2
1241,7
1242,5
1243,7
1244,4
1245,7
1246,1
1247,7
1248,2
1249,11
1250,6
1251,4
1252,5
1253,10
1254,7
1255,2
1256,10
1257,6
1258,13
1259,5
1260,2
1261,2
1262,3
1263,3
1264,1
1265,11
1266,13
1267,7
1268,10
1269,2
1270,11
1271,2
1272,7
1273,4
1274,2
1275,6
1276,15
1277,5
1278,1
1279,1
1280,13
1281,5
1282,7
1283,1
1284,5
1285,3
1286,1
1287,11
1288,5
1289,3
1290,7
1291,7
1292,11
1293,4
1294,5
1295,11
1296,5
1297,4
1298,1
1299,3
1300,5
1301,7
1302,8
1303,5
1304,3
1305,4
1306,13
1307,10
1308,4
1309,3
1310,9
1311,7
1312,6
1313,3
1314,7
1315,3
1316,8
1317,4
1318,7
1319,7
1320,7
1321,11
1322,7
1323,9
1324,5
1325,4
1326,13
1327,11
1328,3
1329,13
1330,4
1331,7
1332,8
1333,9
1334,7
1335,5
1336,5
1337,14
1338,13
1339,1
1340,11
1341,13
1342,6
1343,2
1344,14
1345,5
1346,15
1347,6
1348,2
1349,7
1350,7
1351,3
1352,12
1353,13
1354,13
1355,8
1356,1
1357,15
1358,11
1359,2
1360,10
1361,5
1362,4
1363,1
1364,13
1365,1
1366,4
1367,1
1368,6
1369,7
1370,2
1371,15
1372,10
1373,6
1374,4
1375,3
1376,13
1377,5
1378,6
1379,7
1380,2
1381,2
1382,5
1383,5
1384,5
1385,7
1386,9
1387,4
1388,4
1389,4
1390,4
1391,6
1392,7
1393,4
1394,5
1395,3
1396,1
1397,1
1398,11
1399,4
1400,7
1401,4
1402,3
1403,15
1404,3
1405,1
1406,9
1407,2
1408,13
1409,5
1410,13
1411,7
1412,2
1413,5
1414,2
1415,5
1416,5
1417,11
1418,2
1419,12
1420,6
1421,5
1422,3
1423,5
1424,4
1425,13
1426,1
1427,11
1428,5
1429,13
1430,4
1431,1
1432,11
1433,1
1434,9
1435,12
1436,5
1437,7
1438,5
1439,11
1440,4
1441,11
1442,5
1443,9
1444,5
1445,7
1446,13
1447,5
1448,7
1449,11
1450,14
1451,5
1452,11
1453,14
1454,4
1455,2
1456,15
1457,7
1458,3
1459,8
1460,2
1461,5
1462,7
1463,6
1464,2
1465,14
1466,4
1467,11
1468,4
1469,1
1470,3
1471,7
1472,5
1473,11
1474,5
1475,4
1476,3
1477,1
1478,4
1479,7
1480,6
1481,4
1482,4
1483,5
1484,3
1485,3
1486,7
1487,3
1488,6
1489,7
1490,9
1491,7
1492,4
1493,2
1494,8
1495,7
1496,10
1497,5
1498,14
1499,1
1500,1
1501,5
1502,4
1503,6
1504,8
1505,1
1506,1
1507,1
1508,9
1509,4
1510,13
1511,3
1512,4
1513,7
1514,5
1515,10
1516,11
1517,4
1518,3
1519,9
1520,15
1521,1
1522,1
1523,7
1524,5
1525,11
1526,13
1527,3
1528,2
1529,2
1530,1
1531,15
1532,5
1533,1
1534,5
1535,1
1536,4
1537,2
1538,10
1539,12
1540,7
1541,2
1542,8
1543,1
1544,1
1545,4
1546,6
1547,15
1548,13
1549,5
1550,14
1551,7
1552,2
1553,5
1554,5
1555,4
1556,3
1557,11
1558,4
1559,2
1560,4
1561,5
1562,4
1563,5
1564,4
1565,5
1566,5
1567,4
1568,7
1569,6
1570,8
1571,1
1572,2
1573,4
1574,2
1575,14
1576,9
1577,15
1578,2
1579,7
1580,6
1581,12
1582,5
1583,13
1584,7
1585,6
1586,9
1587,1
1588,5
1589,2
1590,2
1591,13
1592,6
1593,5
1594,5
1595,1
1596,5
1597,7
1598,15
1599,2
1600,7
1601,11
1602,7
1603,7
1604,1
1605,3
1606,13
1607,2
1608,15
1609,5
1610,1
1611,2
1612,13
1613,5
1614,15
1615,15
1616,9
1617,5
1618,13
1619,2
1620,10
1621,5
1622,2
1623,7
1624,14
1625,1
1626,4
1627,1
1628,10
1629,3
1630,2
1631,3
1632,2
1633,5
1634,11
1635,4
1636,3
1637,5
1638,13
1639,1
1640,4
1641,5
1642,4
1643,6
1644,13
1645,4
1646,5
1647,1
1648,4
1649,10
1650,5
1651,3
1652,5
1653,8
1654,4
1655,11
1656,11
1657,9
1658,6
1659,12
1660,4
1661,10
1662,5
1663,7
1664,8
1665,12
1666,4
1667,11
1668,9
1669,2
1670,9
1671,3
1672,6
1673,6
1674,7
1675,4
1676,4
1677,5
1678,1
1679,10
1680,11
1681,2
1682,7
1683,1
1684,4
1685,2
1686,11
1687,9
1688,11
1689,8
1690,13
1691,2
1692,13
1693,7
1694,11
1695,7
1696,4
1697,2
1698,4
1699,4
1700,4
1701,4
1702,15
1703,13
1704,6
1705,13
1706,8
1707,4
1708,5
1709,6
1710,11
1711,7
1712,4
1713,7
1714,14
1715,7
1716,1
1717,4
1718,11
1719,5
1720,4
1721,3
1722,8
1723,5
1724,6
1725,2
1726,15
1727,5
1728,5
1729,9
1730,1
1731,11
1732,1
1733,4
1734,3
1735,11
1736,1
1737,4
1738,1
1739,3
1740,6
1741,5
1742,5
1743,3
1744,3
1745,13
1746,8
1747,2
1748,2
1749,2
1750,6
1751,11
1752,13
1753,1
1754,6
1755,11
1756,4
1757,1
1758,11
1759,1
1760,4
1761,3
1762,3
1763,8
1764,13
1765,7
1766,8
1767,4
1768,10
1769,15
1770,5
1771,1
1772,11
1773,5
1774,13
1775,5
1776,4
1777,8
1778,9
1779,7
1780,2
1781,7
1782,5
1783,8
1784,5
1785,9
1786,5
1787,3
1788,5
1789,5
1790,9
1791,9
1792,11
1793,5
1794,2
1795,1
1796,7
1797,1
1798,1
1799,7
1800,12
1801,1
1802,5
1803,1
1804,13
1805,13
1806,13
1807,6
1808,5
1809,9
1810,12
1811,4
1812,7
1813,7
1814,5
1815,2
1816,7
1817,13
1818,4
1819,13
1820,13
1821,14
1822,2
1823,6
1824,13
1825,13
1826,1
1827,5
1828,13
1829,5
1830,5
1831,7
1832,4
1833,2
1834,3
1835,5
1836,11
1837,5
1838,6
1839,3
1840,4
1841,11
1842,13
1843,1
1844,5
1845,8
1846,4
1847,5
1848,1
1849,4
1850,5
1851,5
1852,2
1853,7
1854,3
1855,5
1856,6
1857,11
1858,9
1859,13
1860,1
1861,7
1862,2
1863,13
1864,3
1865,12
1866,5
1867,14
1868,5
1869,13
1870,2
1871,1
1872,4
1873,1
1874,1
1875,14
1876,3
1877,4
1878,5
1879,2
1880,3
1881,6
1882,2
1883,9
1884,1
1885,11
1886,4
1887,4
1888,8
1889,8
1890,3
1891,6
1892,12
1893,6
1894,14
1895,13
1896,6
1897,8
1898,11
1899,5
1900,8
1901,1
1902,15
1903,2
1904,11
1905,5
1906,5
1907,7
1908,13
1909,5
1910,7
1911,3
1912,4
1913,5
1914,3
1915,5
1916,5
1917,13
1918,7
1919,8
1920,5
1921,6
1922,13
1923,13
1924,7
1925,5
1926,1
1927,5
1928,6
1929,4
1930,1
1931,2
1932,6
1933,11
1934,14
1935,13
1936,1
1937,5
1938,5
1939,7
1940,6
1941,2
1942,14
1943,8
1944,7
1945,7
1946,13
1947,6
1948,14
1949,4
1950,5
1951,11
1952,8
1953,1
1954,2
1955,3
1956,9
1957,6
1958,13
1959,3
1960,5
1961,6
1962,2
1963,10
1964,5
1965,6
1966,11
1967,14
1968,13
1969,4
1970,9
1971,13
1972,7
1973,7
1974,3
1975,11
1976,3
1977,5
1978,4
1979,3
1980,4
1981,5
1982,1
1983,12
1984,6
1985,10
1986,14
1987,11
1988,1
1989,3
1990,5
1991,14
1992,2
1993,1
1994,9
1995,3
1996,4
1997,7
1998,15
1999,2
2000,1
2001,2
2002,10
2003,8
2004,8
2005,5
2006,1
2007,7
2008,2
2009,5
2010,4
2011,1
2012,14
2013,14
2014,4
2015,6
2016,7
2017,1
2018,7
2019,15
2020,5
2021,7
2022,13
2023,5
2024,11
2025,7
2026,6
2027,6
2028,13
2029,5
2030,5
2031,5
2032,6
2033,7
2034,4
2035,1
2036,6
2037,6
2038,6
2039,13
2040,7
2041,13
2042,3
2043,13
2044,3
2045,5
2046,11
2047,2
2048,3
2049,13
2050,1
2051,3
2052,13
2053,13
2054,1
2055,8
2056,4
2057,13
2058,7
2059,14
2060,5
2061,1
2062,11
2063,1
2064,3
2065,5
2066,3
2067,4
2068,2
2069,6
2070,8
2071,11
2072,9
2073,6
2074,2
2075,1
2076,6
2077,5
2078,4
2079,13
2080,5
2081,4
2082,1
2083,2
2084,2
2085,4
2086,4
2087,5
2088,7
2089,6
2090,5
2091,9
2092,3
2093,1
2094,6
2095,15
2096,1
2097,7
2098,3
2099,11
2100,3
2101,5
2102,3
2103,3
2104,8
2105,15
2106,6
2107,3
2108,4
2109,10
2110,11
2111,3
2112,5
2113,6
2114,3
2115,6
2116,14
2117,7
2118,11
2119,6
2120,5
2121,6
2122,5
2123,8
2124,6
2125,4
2126,15
2127,6
2128,4
2129,5
2130,14
2131,4
2132,13
2133,11
2134,2
2135,3
2136,1
2137,5
2138,9
2139,1
2140,3
2141,8
2142,5
2143,6
2144,10
2145,5
2146,6
2147,1
2148,6
2149,2
2150,4
2151,4
2152,6
2153,2
2154,7
2155,3
2156,3
2157,13
2158,3
2159,2
2160,5
2161,7
2162,5
2163,9
2164,4
2165,2
2166,8
2167,5
2168,5
2169,3
2170,13
2171,11
2172,3
2173,5
2174,5
2175,5
2176,6
2177,10
2178,3
2179,8
2180,5
2181,7
2182,5
2183,5
2184,9
2185,8
2186,10
2187,5
2188,14
2189,2
2190,5
2191,10
2192,9
2193,3
2194,5
2195,6
2196,5
2197,4
2198,4
2199,13
2200,6
2201,11
2202,1
2203,1
2204,2
2205,2
2206,6
2207,6
2208,1
2209,7
2210,4
2211,2
2212,2
2213,5
2214,9
2215,4
2216,7
2217,7
2218,2
2219,9
2220,2
2221,10
2222,8
2223,7
2224,7
2225,4
2226,6
2227,15
2228,4
2229,1
2230,4
2231,4
2232,6
2233,3
2234,13
2235,5
2236,5
2237,13
2238,4
2239,1
2240,2
2241,1
2242,13
2243,14
2244,14
2245,4
2246,8
2247,5
2248,7
2249,13
2250,5
2251,10
2252,9
2253,10
2254,1
2255,4
2256,2
2257,4
2258,2
2259,11
2260,6
2261,3
2262,7
2263,4
2264,6
2265,8
2266,1
2267,3
2268,4
2269,11
2270,5
2271,15
2272,12
2273,4
2274,13
2275,13
2276,9
2277,4
2278,7
2279,5
2280,5
2281,8
2282,5
2283,3
2284,4
2285,6
2286,3
2287,2
2288,5
2289,5
2290,7
2291,4
2292,2
2293,6
2294,3
2295,2
2296,3
2297,4
2298,7
2299,7
2300,9
2301,4
2302,5
2303,8
2304,6
2305,6
2306,6
2307,2
2308,5
2309,13
2310,9
2311,7
2312,11
2313,10
2314,1
2315,4
2316,10
2317,8
2318,7
2319,13
2320,5
2321,4
2322,3
2323,6
2324,7
2325,14
2326,7
2327,6
2328,1
2329,14
2330,5
2331,6
2332,13
2333,5
2334,8
2335,10
2336,4
2337,2
2338,8
2339,3
2340,12
2341,8
2342,1
2343,5
2344,13
2345,6
2346,3
2347,9
2348,4
2349,1
2350,1
2351,4
2352,1
2353,5
2354,11
2355,7
2356,2
2357,3
2358,4
2359,5
2360,13
2361,5
2362,5
2363,7
2364,6
2365,1
2366,3
2367,3
2368,1
2369,2
2370,2
2371,4
2372,4
2373,2
2374,3
2375,14
2376,5
2377,8
2378,5
2379,4
2380,5
2381,11
2382,9
2383,5
2384,4
2385,4
2386,7
2387,5
2388,11
2389,4
2390,1
2391,13
2392,4
2393,1
2394,4
2395,7
2396,5
2397,3
2398,7
2399,2
2400,6
2401,13
2402,6
2403,11
2404,7
2405,8
2406,10
2407,1
2408,8
2409,5
2410,13
2411,5
2412,13
2413,6
2414,2
2415,8
2416,4
2417,9
2418,3
2419,5
2420,1
2421,9
2422,6
2423,3
2424,4
2425,13
2426,4
2427,4
2428,1
2429,6
2430,11
2431,5
2432,14
2433,1
2434,2
2435,1
2436,2
2437,5
2438,11
2439,5
2440,15
2441,4
2442,11
2443,7
2444,4
2445,11
2446,11
2447,10
2448,13
2449,13
2450,2
2451,8
2452,5
2453,1
2454,5
2455,13
2456,7
2457,4
2458,5
2459,9
2460,10
2461,15
2462,5
2463,1
2464,5
2465,5
2466,6
2467,1
2468,8
2469,2
2470,5
2471,11
2472,5
2473,5
2474,15
2475,11
2476,5
2477,7
2478,1
2479,13
2480,7
2481,9
2482,1
2483,10
2484,6
2485,1
2486,2
2487,5
2488,13
2489,11
2490,5
2491,2
2492,7
2493,4
2494,11
2495,3
2496,13
2497,5
2498,10
2499,1
2500,2
2501,4
2502,4
2503,1
2504,5
2505,6
2506,14
2507,3
2508,4
2509,13
2510,4
2511,15
2512,4
2513,9
2514,5
2515,1
2516,9
2517,7
2518,13
2519,6
2520,2
2521,5
2522,1
2523,7
2524,5
2525,3
2526,1
2527,2
2528,2
2529,15
2530,5
2531,7
2532,6
2533,2
2534,5
2535,7
2536,3
2537,7
2538,4
2539,14
2540,12
2541,2
2542,11
2543,2
2544,5
2545,5
2546,1
2547,3
2548,4
2549,6
2550,2
2551,7
2552,15
2553,7
2554,1
2555,3
2556,7
2557,6
2558,2
2559,11
2560,7
2561,10
2562,2
2563,2
2564,6
2565,9
2566,2
2567,13
2568,13
2569,7
2570,4
2571,5
2572,13
2573,7
2574,8
2575,6
2576,1
2577,3
2578,5
2579,10
2580,12
2581,7
2582,6
2583,2
2584,6
2585,15
2586,2
2587,5
2588,11
2589,5
2590,7
2591,11
2592,12
2593,7
2594,7
2595,1
2596,4
2597,6
2598,2
2599,15
2600,11
2601,1
2602,1
2603,4
2604,7
2605,2
2606,7
2607,11
2608,4
2609,4
2610,10
2611,4
2612,5
2613,8
2614,5
2615,8
2616,3
2617,4
2618,4
2619,10
2620,9
2621,2
2622,8
2623,11
2624,1
2625,11
2626,9
2627,5
2628,3
2629,2
2630,7
2631,2
2632,5
2633,5
2634,2
2635,4
2636,4
2637,4
2638,9
2639,7
2640,6
2641,4
2642,4
2643,5
2644,6
2645,4
2646,7
2647,1
2648,5
2649,4
2650,2
2651,7
2652,8
2653,3
2654,4
2655,8
2656,7
2657,11
2658,5
2659,7
2660,5
2661,4
2662,1
2663,6
2664,5
2665,1
2666,1
2667,5
2668,5
2669,6
2670,14
2671,5
2672,14
2673,1
2674,7
2675,12
2676,5
2677,7
2678,11
2679,3
2680,4
2681,4
2682,8
2683,13
2684,7
2685,11
2686,3
2687,1
2688,14
2689,7
2690,7
2691,2
2692,11
2693,4
2694,7
2695,2
2696,13
2697,5
2698,2
2699,7
2700,13
2701,3
2702,9
2703,11
2704,5
2705,4
2706,7
2707,1
2708,14
2709,5
2710,4
2711,14
2712,4
2713,5
2714,4
2715,7
2716,11
2717,7
2718,5
2719,7
2720,7
2721,6
2722,4
2723,13
2724,5
2725,2
2726,7
2727,8
2728,13
2729,5
2730,1
2731,3
2732,6
2733,1
2734,5
2735,5
2736,4
2737,11
2738,1
2739,5
2740,9
2741,13
2742,6
2743,6
2744,13
2745,7
2746,4
2747,13
2748,5
2749,2
2750,1
2751,14
2752,11
2753,4
2754,6
2755,7
2756,5
2757,1
2758,4
2759,1
2760,5
2761,11
2762,2
2763,6
2764,3
2765,9
2766,5
2767,2
2768,6
2769,1
2770,6
2771,11
2772,5
2773,4
2774,6
2775,3
2776,1
2777,15
2778,3
2779,3
2780,7
2781,10
2782,7
2783,5
2784,3
2785,4
2786,4
2787,6
2788,10
2789,4
2790,6
2791,4
2792,7
2793,3
2794,3
2795,2
2796,3
2797,5
2798,7
2799,2
2800,5
2801,13
2802,4
2803,5
2804,8
2805,8
2806,4
2807,2
2808,3
2809,5
2810,4
2811,13
2812,2
2813,10
2814,11
2815,11
2816,3
2817,15
2818,11
2819,1
2820,2
2821,2
2822,4
2823,9
2824,3
2825,11
2826,5
2827,6
2828,11
2829,5
2830,13
2831,6
2832,5
2833,4
2834,14
2835,5
2836,8
2837,4
2838,2
2839,1
2840,6
2841,3
2842,11
2843,4
2844,5
2845,5
2846,5
2847,5
2848,4
2849,13
2850,5
2851,13
2852,5
2853,5
2854,3
2855,6
2856,10
2857,15
2858,8
2859,9
2860,7
2861,5
2862,7
2863,13
2864,7
2865,5
2866,2
2867,6
2868,10
2869,1
2870,7
2871,5
2872,8
2873,1
2874,2
2875,4
2876,4
2877,5
2878,2
2879,4
2880,11
2881,6
2882,7
2883,5
2884,4
2885,1
2886,14
2887,5
2888,6
2889,13
2890,7
2891,4
2892,11
2893,13
2894,3
2895,7
2896,1
2897,13
2898,4
2899,7
2900,3
2901,11
2902,6
2903,4
2904,7
2905,7
2906,8
2907,13
2908,1
2909,1
2910,5
2911,2
2912,6
2913,15
2914,13
2915,11
2916,8
2917,4
2918,11
2919,2
2920,4
2921,11
2922,7
2923,4
2924,1
2925,6
2926,15
2927,4
2928,2
2929,6
2930,3
2931,7
2932,4
2933,7
2934,3
2935,4
2936,9
2937,5
2938,5
2939,7
2940,8
2941,5
2942,11
2943,5
2944,13
2945,15
2946,4
2947,6
2948,5
2949,12
2950,3
2951,6
2952,6
2953,4
2954,7
2955,4
2956,1
2957,2
2958,3
2959,4
2960,11
2961,6
2962,5
2963,4
2964,5
2965,6
2966,14
2967,5
2968,5
2969,14
2970,5
2971,5
2972,1
2973,14
2974,4
2975,1
2976,4
2977,4
2978,2
2979,13
2980,3
2981,13
2982,4
2983,5
2984,5
2985,8
2986,4
2987,9
2988,2
2989,3
2990,1
2991,3
2992,5
2993,5
2994,1
2995,11
2996,5
2997,5
2998,5
2999,7
3000,5
3001,8
3002,11
3003,5
3004,13
3005,4
3006,3
3007,5
3008,5
3009,3
3010,1
3011,3
3012,5
3013,1
3014,11
3015,5
3016,10
3017,13
3018,10
3019,4
3020,11
3021,4
3022,5
3023,11
3024,5
3025,13
3026,10
3027,11
3028,9
3029,4
3030,4
3031,15
3032,13
3033,9
3034,5
3035,3
3036,9
3037,4
3038,15
3039,4
3040,10
3041,13
3042,11
3043,13
3044,5
3045,7
3046,8
3047,5
3048,2
3049,6
3050,13
3051,10
3052,11
3053,13
3054,4
3055,4
3056,2
3057,9
3058,11
3059,3
3060,7
3061,4
3062,5
3063,3
3064,6
3065,9
3066,5
3067,11
3068,2
3069,6
3070,11
3071,6
3072,2
3073,2
3074,7
3075,5
3076,5
3077,4
3078,9
3079,5
3080,7
3081,4
3082,1
3083,8
3084,14
3085,4
3086,13
3087,1
3088,5
3089,1
3090,5
3091,1
3092,5
3093,13
3094,5
3095,1
3096,14
3097,6
3098,7
3099,4
3100,5
3101,6
3102,15
3103,9
3104,8
3105,7
3106,6
3107,7
3108,8
3109,13
3110,9
3111,13
3112,6
3113,3
3114,4
3115,13
3116,2
3117,1
3118,5
3119,2
3120,7
3121,3
3122,5
3123,11
3124,1
3125,15
3126,4
3127,5
3128,7
3129,14
3130,2
3131,13
3132,4
3133,2
3134,3
3135,2
3136,6
3137,13
3138,14
3139,12
3140,13
3141,4
3142,10
3143,8
3144,14
3145,13
3146,4
3147,5
3148,8
3149,2
3150,13
3151,7
3152,15
3153,4
3154,6
3155,11
3156,5
3157,13
3158,13
3159,6
3160,2
3161,2
3162,11
3163,3
3164,7
3165,10
3166,8
3167,11
3168,5
3169,7
3170,5
3171,5
3172,7
3173,3
3174,5
3175,9
3176,2
3177,5
3178,1
3179,6
3180,5
3181,10
3182,15
3183,9
3184,7
3185,4
3186,5
3187,1
3188,5
3189,5
3190,9
3191,1
3192,7
3193,5
3194,9
3195,11
3196,2
3197,5
3198,15
3199,3
3200,14
3201,6
3202,11
3203,2
3204,6
3205,6
3206,3
3207,3
3208,4
3209,5
3210,15
3211,13
3212,11
3213,7
3214,7
3215,7
3216,3
3217,7
3218,7
3219,5
3220,1
3221,9
3222,7
3223,14
3224,4
3225,5
3226,1
3227,5
3228,11
3229,13
3230,6
3231,4
3232,6
3233,6
3234,2
3235,14
3236,4
3237,6
3238,3
3239,5
3240,7
3241,3
3242,7
3243,4
3244,6
3245,11
3246,6
3247,13
3248,12
3249,5
3250,1
3251,5
3252,11
3253,8
3254,11
3255,5
3256,10
3257,5
3258,7
3259,4
3260,1
3261,5
3262,3
3263,1
3264,5
3265,2
3266,2
3267,5
3268,6
3269,7
3270,12
3271,6
3272,1
3273,2
3274,1
3275,7
3276,4
3277,1
3278,13
3279,5
3280,1
3281,14
3282,1
3283,4
3284,4
3285,8
3286,7
3287,11
3288,13
3289,5
3290,7
3291,3
3292,2
3293,5
3294,6
3295,4
3296,6
3297,13
3298,6
3299,15
3300,5
3301,8
3302,3
3303,4
3304,3
3305,10
3306,14
3307,1
3308,4
3309,3
3310,5
3311,7
3312,7
3313,10
3314,7
3315,4
3316,8
3317,3
3318,5
3319,5
3320,6
3321,1
3322,5
3323,1
3324,2
3325,6
3326,11
3327,3
3328,2
3329,14
3330,7
3331,3
3332,15
3333,6
3334,4
3335,4
3336,6
3337,4
3338,13
3339,8
3340,13
3341,7
3342,7
3343,15
3344,11
3345,7
3346,5
3347,2
3348,9
3349,7
3350,6
3351,6
3352,4
3353,3
3354,5
3355,4
3356,6
3357,11
3358,6
3359,6
3360,1
3361,4
3362,4
3363,11
3364,10
3365,5
3366,1
3367,6
3368,2
3369,5
3370,13
3371,5
3372,6
3373,4
3374,6
3375,10
3376,13
3377,12
3378,1
3379,4
3380,3
3381,2
3382,4
3383,11
3384,11
3385,10
3386,3
3387,7
3388,1
3389,8
3390,13
3391,7
3392,2
3393,10
3394,7
3395,15
3396,7
3397,13
3398,4
3399,4
3400,4
3401,7
3402,11
3403,5
3404,5
3405,15
3406,7
3407,7
3408,2
3409,3
3410,13
3411,3
3412,4
3413,14
3414,7
3415,5
3416,4
3417,7
3418,13
3419,7
3420,3
3421,13
3422,5
3423,3
3424,3
3425,2
3426,1
3427,5
3428,4
3429,8
3430,2
3431,4
3432,13
3433,4
3434,5
3435,5
3436,9
3437,11
3438,5
3439,4
3440,3
3441,3
3442,7
3443,4
3444,4
3445,3
3446,14
3447,8
3448,2
3449,13
3450,5
3451,9
3452,12
3453,8
3454,7
3455,5
3456,2
3457,9
3458,1
3459,7
3460,4
3461,2
3462,1
3463,7
3464,4
3465,11
3466,11
3467,5
3468,2
3469,8
3470,6
3471,6
3472,11
3473,11
3474,3
3475,1
3476,3
3477,4
3478,5
3479,5
3480,7
3481,5
3482,4
3483,5
3484,2
3485,7
3486,2
3487,2
3488,6
3489,4
3490,13
3491,3
3492,7
3493,11
3494,6
3495,5
3496,5
3497,2
3498,7
3499,4
3500,1
3501,7
3502,5
3503,7
3504,5
3505,8
3506,14
3507,5
3508,1
3509,10
3510,11
3511,7
3512,6
3513,13
3514,15
3515,5
3516,6
3517,5
3518,13
3519,3
3520,7
3521,4
3522,13
3523,15
3524,9
3525,15
3526,5
3527,2
3528,1
3529,4
3530,11
3531,7
3532,5
3533,14
3534,4
3535,11
3536,8
3537,13
3538,14
3539,1
3540,14
3541,15
3542,1
3543,3
3544,5
3545,11
3546,1
3547,4
3548,13
3549,10
3550,11
3551,5
3552,5
3553,3
3554,12
3555,1
3556,7
3557,9
3558,13
3559,7
3560,13
3561,3
3562,3
3563,5
3564,14
3565,13
3566,7
3567,8
3568,11
3569,5
3570,3
3571,9
3572,8
3573,3
3574,2
3575,11
3576,6
3577,4
3578,3
3579,6
3580,3
3581,4
3582,7
3583,5
3584,8
3585,12
3586,11
3587,11
3588,6
3589,6
3590,11
3591,11
3592,3
3593,3
3594,4
3595,13
3596,1
3597,1
3598,6
3599,7
3600,5
3601,1
3602,6
3603,8
3604,10
3605,2
3606,1
3607,5
3608,8
3609,15
3610,5
3611,3
3612,7
3613,5
3614,13
3615,10
3616,4
3617,4
3618,6
3619,10
3620,2
3621,2
3622,7
3623,5
3624,1
3625,13
3626,2
3627,1
3628,9
3629,5
3630,7
3631,1
3632,7
3633,2
3634,6
3635,15
3636,7
3637,4
3638,11
3639,3
3640,6
3641,5
3642,7
3643,1
3644,12
3645,1
3646,7
3647,15
3648,6
3649,11
3650,8
3651,9
3652,9
3653,8
3654,4
3655,5
3656,11
3657,6
3658,7
3659,6
3660,1
3661,14
3662,6
3663,3
3664,4
3665,9
3666,5
3667,14
3668,6
3669,6
3670,5
3671,11
3672,15
3673,6
3674,11
3675,6
3676,8
3677,10
3678,6
3679,6
3680,5
3681,3
3682,4
3683,7
3684,1
3685,8
3686,1
3687,7
3688,5
3689,10
3690,6
3691,1
3692,5
3693,2
3694,9
3695,13
3696,5
3697,6
3698,5
3699,13
3700,8
3701,4
3702,9
3703,11
3704,15
3705,3
3706,11
3707,6
3708,7
3709,1
3710,7
3711,2
3712,5
3713,10
3714,3
3715,5
3716,8
3717,5
3718,9
3719,4
3720,4
3721,7
3722,2
3723,3
3724,6
3725,15
3726,7
3727,6
3728,4
3729,4
3730,4
3731,8
3732,4
3733,5
3734,13
3735,4
3736,5
3737,1
3738,7
3739,13
3740,4
3741,1
3742,13
3743,4
3744,2
3745,5
3746,2
3747,4
3748,5
3749,3
3750,8
3751,7
3752,1
3753,1
3754,13
3755,7
3756,13
3757,13
3758,3
3759,1
3760,2
3761,7
3762,6
3763,2
3764,4
3765,4
3766,1
3767,14
3768,5
3769,6
3770,5
3771,3
3772,13
3773,4
3774,11
3775,9
3776,1
3777,11
3778,7
3779,2
3780,3
3781,7
3782,12
3783,5
3784,3
3785,13
3786,6
3787,11
3788,1
3789,6
3790,1
3791,5
3792,3
3793,7
3794,11
3795,11
3796,13
3797,13
3798,15
3799,11
3800,3
3801,4
3802,9
3803,5
3804,7
3805,11
3806,15
3807,10
3808,9
3809,5
3810,6
3811,8
3812,9
3813,10
3814,10
3815,3
3816,3
3817,14
3818,14
3819,6
3820,5
3821,7
3822,5
3823,3
3824,3
3825,5
3826,2
3827,2
3828,7
3829,8
3830,4
3831,6
3832,13
3833,13
3834,6
3835,3
3836,1
3837,11
3838,8
3839,11
3840,14
3841,1
3842,3
3843,6
3844,4
3845,7
3846,7
3847,1
3848,1
3849,1
3850,9
3851,1
3852,3
3853,8
3854,2
3855,13
3856,4
3857,13
3858,2
3859,2
3860,13
3861,3
3862,4
3863,5
3864,15
3865,1
3866,6
3867,6
3868,15
3869,10
3870,4
3871,13
3872,5
3873,4
3874,5
3875,4
3876,7
3877,11
3878,13
3879,5
3880,7
3881,5
3882,2
3883,14
3884,5
3885,2
3886,4
3887,11
3888,5
3889,2
3890,1
3891,4
3892,5
3893,5
3894,1
3895,5
3896,4
3897,13
3898,1
3899,5
3900,3
3901,5
3902,7
3903,11
3904,3
3905,14
3906,11
3907,7
3908,7
3909,13
3910,7
3911,9
3912,7
3913,7
3914,6
3915,7
3916,6
3917,1
3918,13
3919,9
3920,4
3921,7
3922,4
3923,5
3924,6
3925,5
3926,5
3927,13
3928,3
3929,1
3930,11
3931,6
3932,3
3933,13
3934,6
3935,15
3936,4
3937,11
3938,15
3939,15
3940,3
3941,11
3942,13
3943,4
3944,7
3945,7
3946,7
3947,2
3948,3
3949,9
3950,5
3951,4
3952,2
3953,11
3954,6
3955,5
3956,7
3957,10
3958,6
3959,4
3960,7
3961,8
3962,5
3963,14
3964,9
3965,4
3966,7
3967,11
3968,5
3969,5
3970,7
3971,11
3972,4
3973,8
3974,7
3975,1
3976,7
3977,7
3978,1
3979,7
3980,13
3981,3
3982,10
3983,7
3984,7
3985,11
3986,5
3987,4
3988,5
3989,13
3990,7
3991,2
3992,2
3993,6
3994,5
3995,13
3996,6
3997,3
3998,1
3999,3
4000,3
4001,15
4002,2
4003,4
4004,14
4005,13
4006,6
4007,6
4008,8
4009,6
4010,1
4011,7
4012,8
4013,15
4014,13
4015,6
4016,1
4017,10
4018,13
4019,6
4020,5
4021,4
4022,4
4023,10
4024,1
4025,4
4026,2
4027,11
4028,11
4029,11
4030,15
4031,1
4032,1
4033,2
4034,5
4035,9
4036,2
4037,7
4038,9
4039,6
4040,7
4041,1
4042,6
4043,3
4044,15
4045,7
4046,13
4047,6
4048,6
4049,2
4050,6
4051,7
4052,13
4053,4
4054,6
4055,5
4056,8
4057,1
4058,8
4059,4
4060,9
4061,8
4062,14
4063,13
4064,3
4065,3
4066,8
4067,11
4068,1
4069,7
4070,2
4071,8
4072,1
4073,11
4074,3
4075,4
4076,11
4077,7
4078,7
4079,11
4080,3
4081,13
4082,3
4083,13
4084,6
4085,2
4086,4
4087,12
4088,11
4089,2
4090,14
4091,7
4092,13
4093,10
4094,6
4095,2
4096,6
4097,3
4098,4
4099,4
4100,13
4101,11
4102,5
4103,3
4104,3
4105,11
4106,4
4107,2
4108,5
4109,5
4110,6
4111,4
4112,9
4113,1
4114,4
4115,2
4116,7
4117,13
4118,2
4119,7
4120,14
4121,4
4122,8
4123,4
4124,13
4125,5
4126,4
4127,13
4128,6
4129,9
4130,2
4131,11
4132,11
4133,6
4134,3
4135,8
4136,7
4137,11
4138,4
4139,5
4140,11
4141,4
4142,5
4143,3
4144,7
4145,1
4146,13
4147,5
4148,3
4149,3
4150,13
4151,13
4152,1
4153,1
4154,11
4155,11
4156,3
4157,1
4158,7
4159,6
4160,8
4161,14
4162,1
4163,3
4164,4
4165,5
4166,11
4167,5
4168,4
4169,5
4170,7
4171,8
4172,10
4173,1
4174,10
4175,15
4176,5
4177,7
4178,7
4179,4
4180,6
4181,5
4182,12
4183,11
4184,4
4185,5
4186,1
4187,5
4188,9
4189,5
4190,4
4191,5
4192,4
4193,3
4194,7
4195,11
4196,5
4197,5
4198,6
4199,6
4200,13
4201,1
4202,3
4203,5
4204,13
4205,4
4206,13
4207,14
4208,7
4209,6
4210,4
4211,4
4212,1
4213,6
4214,6
4215,5
4216,7
4217,6
4218,9
4219,7
4220,10
4221,11
4222,2
4223,4
4224,12
4225,15
4226,6
4227,3
4228,10
4229,1
4230,2
4231,6
4232,11
4233,9
4234,7
4235,5
4236,7
4237,9
4238,1
4239,5
4240,4
4241,5
4242,3
4243,7
4244,3
4245,8
4246,2
4247,5
4248,6
4249,5
4250,13
4251,5
4252,14
4253,7
4254,10
4255,5
4256,4
4257,13
4258,4
4259,13
4260,6
4261,9
4262,5
4263,15
4264,4
4265,5
4266,11
4267,5
4268,3
4269,2
4270,7
4271,3
4272,9
4273,8
4274,15
4275,6
4276,13
4277,14
4278,6
4279,13
4280,13
4281,5
4282,4
4283,10
4284,1
4285,11
4286,11
4287,1
4288,5
4289,4
4290,4
4291,1
4292,5
4293,8
4294,3
4295,2
4296,6
4297,3
4298,15
4299,3
4300,7
4301,15
4302,3
4303,6
4304,13
4305,13
4306,1
4307,6
4308,7
4309,5
4310,5
4311,5
4312,6
4313,4
4314,4
4315,6
4316,2
4317,3
4318,4
4319,13
4320,5
4321,4
4322,5
4323,7
4324,3
4325,7
4326,11
4327,2
4328,2
4329,5
4330,15
4331,1
4332,2
4333,13
4334,7
4335,13
4336,15
4337,7
4338,4
4339,2
4340,11
4341,4
4342,6
4343,11
4344,3
4345,8
4346,9
4347,2
4348,7
4349,5
4350,2
4351,13
4352,3
4353,9
4354,3
4355,5
4356,11
4357,4
4358,13
4359,3
4360,11
4361,2
4362,3
4363,14
4364,4
4365,1
4366,13
4367,4
4368,5
4369,5
4370,4
4371,6
4372,1
4373,10
4374,1
4375,5
4376,6
4377,1
4378,11
4379,2
4380,4
4381,1
4382,1
4383,4
4384,6
4385,5
4386,6
4387,3
4388,5
4389,4
4390,7
4391,11
4392,11
4393,6
4394,5
4395,5
4396,2
4397,3
4398,7
4399,5
4400,5
4401,7
4402,2
4403,7
4404,11
4405,7
4406,3
4407,8
4408,4
4409,3
4410,1
4411,11
4412,7
4413,4
4414,5
4415,13
4416,11
4417,4
4418,6
4419,3
4420,2
4421,4
4422,9
4423,3
4424,4
4425,14
4426,5
4427,4
4428,4
4429,13
4430,2
4431,2
4432,14
4433,5
4434,11
4435,4
4436,4
4437,5
4438,1
4439,1
4440,3
4441,11
4442,6
4443,13
4444,5
4445,4
4446,11
4447,10
4448,4
4449,6
4450,4
4451,14
4452,5
4453,4
4454,3
4455,9
4456,1
4457,5
4458,6
4459,11
4460,1
4461,5
4462,4
4463,13
4464,10
4465,11
4466,1
4467,4
4468,1
4469,5
4470,1
4471,13
4472,10
4473,6
4474,4
4475,6
4476,6
4477,3
4478,9
4479,5
4480,5
4481,5
4482,5
4483,11
4484,2
4485,5
4486,9
4487,5
4488,6
4489,3
4490,8
4491,8
4492,7
4493,15
4494,4
4495,4
4496,6
4497,6
4498,11
4499,1
4500,6
4501,2
4502,1
4503,1
4504,6
4505,13
4506,13
4507,11
4508,6
4509,1
4510,14
4511,2
4512,5
4513,4
4514,5
4515,11
4516,15
4517,15
4518,5
4519,4
4520,1
4521,3
4522,7
4523,4
4524,4
4525,5
4526,1
4527,11
4528,2
4529,6
4530,3
4531,13
4532,7
4533,7
4534,5
4535,2
4536,5
4537,1
4538,2
4539,5
4540,10
4541,15
4542,4
4543,5
4544,2
4545,2
4546,15
4547,2
4548,1
4549,1
4550,13
4551,13
4552,5
4553,13
4554,11
4555,2
4556,7
4557,14
4558,2
4559,4
4560,1
4561,3
4562,7
4563,3
4564,3
4565,4
4566,5
4567,2
4568,7
4569,13
4570,4
4571,5
4572,1
4573,5
4574,6
4575,5
4576,4
4577,5
4578,5
4579,1
4580,8
4581,6
4582,4
4583,5
4584,1
4585,13
4586,2
4587,8
4588,3
4589,13
4590,13
4591,1
4592,5
4593,11
4594,11
4595,1
4596,3
4597,3
4598,1
4599,5
4600,6
4601,1
4602,4
4603,2
4604,13
4605,13
4606,2
4607,11
4608,7
4609,13
4610,2
4611,5
4612,5
4613,4
4614,6
4615,7
4616,14
4617,5
4618,10
4619,2
4620,5
4621,1
4622,1
4623,4
4624,10
4625,7
4626,5
4627,4
4628,13
4629,12
4630,6
4631,4
4632,4
4633,10
4634,8
4635,5
4636,11
4637,5
4638,3
4639,8
4640,15
4641,8
4642,7
4643,2
4644,5
4645,5
4646,13
4647,13
4648,2
4649,10
4650,1
4651,2
4652,5
4653,6
4654,4
4655,6
4656,1
4657,1
4658,6
4659,6
4660,5
4661,10
4662,5
4663,4
4664,11
4665,14
4666,3
4667,6
4668,1
4669,11
4670,11
4671,5
4672,13
4673,13
4674,3
4675,3
4676,13
4677,4
4678,1
4679,6
4680,6
4681,2
4682,5
4683,11
4684,13
4685,4
4686,13
4687,14
4688,5
4689,5
4690,13
4691,13
4692,4
4693,5
4694,15
4695,8
4696,6
4697,2
4698,4
4699,8
4700,1
4701,15
4702,15
4703,6
4704,2
4705,8
4706,4
4707,8
4708,5
4709,1
4710,3
4711,12
4712,2
4713,7
4714,4
4715,5
4716,6
4717,5
4718,7
4719,7
4720,13
4721,2
4722,5
4723,7
4724,1
4725,13
4726,4
4727,3
4728,4
4729,8
4730,5
4731,14
4732,11
4733,9
4734,5
4735,7
4736,5
4737,7
4738,10
4739,11
4740,6
4741,4
4742,8
4743,7
4744,7
4745,3
4746,8
4747,4
4748,13
4749,11
4750,1
4751,13
4752,2
4753,6
4754,5
4755,5
4756,1
4757,3
4758,3
4759,5
4760,1
4761,13
4762,6
4763,9
4764,7
4765,15
4766,7
4767,11
4768,7
4769,13
4770,13
4771,1
4772,1
4773,2
4774,1
4775,12
4776,1
4777,13
4778,11
4779,10
4780,3
4781,4
4782,8
4783,1
4784,5
4785,1
4786,10
4787,3
4788,1
4789,7
4790,3
4791,15
4792,1
4793,7
4794,2
4795,5
4796,6
4797,11
4798,3
4799,3
4800,5
4801,3
4802,7
4803,4
4804,4
4805,4
4806,6
4807,1
4808,4
4809,13
4810,14
4811,7
4812,2
4813,1
4814,10
4815,11
4816,5
4817,6
4818,11
4819,14
4820,15
4821,5
4822,2
4823,5
4824,5
4825,3
4826,5
4827,7
4828,1
4829,13
4830,4
4831,5
4832,13
4833,2
4834,1
4835,6
4836,5
4837,5
4838,9
4839,7
4840,3
4841,13
4842,7
4843,3
4844,7
4845,5
4846,8
4847,1
4848,5
4849,4
4850,7
4851,13
4852,1
4853,7
4854,3
4855,11
4856,5
4857,5
4858,12
4859,1
4860,3
4861,11
4862,4
4863,4
4864,6
4865,1
4866,6
4867,11
4868,13
4869,5
4870,7
4871,5
4872,4
4873,5
4874,3
4875,2
4876,3
4877,10
4878,8
4879,2
4880,11
4881,15
4882,15
4883,4
4884,7
4885,11
4886,2
4887,5
4888,4
4889,7
4890,5
4891,4
4892,7
4893,5
4894,4
4895,6
4896,6
4897,3
4898,7
4899,4
4900,13
4901,6
4902,14
4903,4
4904,7
4905,11
4906,2
4907,8
4908,11
4909,3
4910,4
4911,3
4912,4
4913,14
4914,3
4915,15
4916,4
4917,8
4918,5
4919,7
4920,13
4921,7
4922,5
4923,5
4924,7
4925,6
4926,7
4927,5
4928,9
4929,1
4930,10
4931,5
4932,1
4933,1
4934,3
4935,3
4936,4
4937,3
4938,5
4939,3
4940,7
4941,1
4942,3
4943,2
4944,6
4945,13
4946,5
4947,7
4948,8
4949,2
4950,2
4951,6
4952,2
4953,3
4954,6
4955,11
4956,6
4957,2
4958,3
4959,14
4960,15
4961,4
4962,4
4963,8
4964,15
4965,4
4966,2
4967,13
4968,11
4969,10
4970,3
4971,9
4972,6
4973,3
4974,13
4975,3
4976,6
4977,11
4978,5
4979,5
4980,4
4981,14
4982,3
4983,7
4984,5
4985,4
4986,2
4987,15
4988,2
4989,2
4990,5
4991,1
4992,2
4993,5
4994,2
4995,6
4996,1
4997,6
4998,15
4999,13
5000,8
5001,11
5002,4
5003,5
5004,7
5005,5
5006,3
5007,6
5008,4
5009,13
5010,14
5011,6
5012,11
5013,1
5014,6
5015,1
5016,1
5017,3
5018,7
5019,15
5020,4
5021,4
5022,5
5023,10
5024,6
5025,5
5026,2
5027,1
5028,1
5029,11
5030,3
5031,7
5032,8
5033,1
5034,7
5035,4
5036,4
5037,4
5038,3
5039,7
5040,7
5041,10
5042,4
5043,5
5044,5
5045,3
5046,13
5047,5
5048,4
5049,2
5050,2
5051,8
5052,5
5053,2
5054,5
5055,3
5056,3
5057,6
5058,6
5059,3
5060,3
5061,4
5062,5
5063,4
5064,6
5065,5
5066,1
5067,5
5068,2
5069,1
5070,4
5071,7
5072,4
5073,1
5074,5
5075,5
5076,1
5077,5
5078,3
5079,4
5080,4
5081,4
5082,2
5083,14
5084,5
5085,13
5086,2
5087,5
5088,4
5089,6
5090,3
5091,4
5092,4
5093,15
5094,13
5095,5
5096,2
5097,5
5098,11
5099,9
5100,13
5101,7
5102,7
5103,6
5104,5
5105,4
5106,4
5107,6
5108,13
5109,3
5110,13
5111,9
5112,8
5113,6
5114,5
5115,3
5116,2
5117,7
5118,6
5119,15
5120,7
5121,6
5122,7
5123,11
5124,14
5125,2
5126,14
5127,3
5128,4
5129,10
5130,5
5131,5
5132,2
5133,7
5134,6
5135,11
5136,2
5137,2
5138,9
5139,7
5140,6
5141,5
5142,5
5143,9
5144,15
5145,14
5146,8
5147,6
5148,3
5149,14
5150,5
5151,14
5152,8
5153,1
5154,11
5155,5
5156,15
5157,4
5158,14
5159,3
5160,7
5161,1
5162,4
5163,9
5164,5
5165,11
5166,4
5167,14
5168,6
5169,8
5170,5
5171,1
5172,13
5173,13
5174,7
5175,15
5176,6
5177,11
5178,4
5179,11
5180,5
5181,6
5182,2
5183,7
5184,14
5185,3
5186,15
5187,6
5188,7
5189,6
5190,5
5191,1
5192,3
5193,4
5194,13
5195,5
5196,13
5197,6
5198,13
5199,7
5200,8
5201,3
5202,13
5203,12
5204,4
5205,13
5206,5
5207,6
5208,4
5209,4
5210,1
5211,15
5212,13
5213,5
5214,11
5215,5
5216,6
5217,6
5218,2
5219,6
5220,5
5221,6
5222,2
5223,8
5224,11
5225,5
5226,15
5227,2
5228,11
5229,1
5230,11
5231,5
5232,3
5233,6
5234,2
5235,10
5236,2
5237,6
5238,4
5239,5
5240,7
5241,15
5242,2
5243,2
5244,7
5245,14
5246,5
5247,4
5248,5
5249,4
5250,5
5251,5
5252,3
5253,11
5254,5
5255,2
5256,3
5257,4
5258,3
5259,9
5260,8
5261,9
5262,7
5263,6
5264,2
5265,15
5266,2
5267,1
5268,5
5269,13
5270,6
5271,6
5272,7
5273,2
5274,10
5275,7
5276,5
5277,9
5278,5
5279,13
5280,2
5281,9
5282,4
5283,11
5284,7
5285,4
5286,14
5287,5
5288,5
5289,14
5290,7
5291,1
5292,5
5293,5
5294,1
5295,5
5296,13
5297,4
5298,8
5299,4
5300,4
5301,4
5302,2
5303,6
5304,5
5305,5
5306,5
5307,5
5308,11
5309,7
5310,8
5311,13
5312,1
5313,6
5314,4
5315,13
5316,11
5317,5
5318,4
5319,7
5320,3
5321,2
5322,5
5323,3
5324,8
5325,5
5326,3
5327,4
5328,13
5329,7
5330,4
5331,5
5332,5
5333,4
5334,1
5335,1
5336,14
5337,6
5338,13
5339,6
5340,5
5341,11
5342,12
5343,7
5344,9
5345,11
5346,7
5347,4
5348,13
5349,6
5350,8
5351,5
5352,13
5353,6
5354,1
5355,7
5356,2
5357,11
5358,6
5359,7
5360,1
5361,8
5362,3
5363,3
5364,4
5365,11
5366,5
5367,3
5368,6
5369,5
5370,5
5371,15
5372,11
5373,5
5374,1
5375,7
5376,1
5377,4
5378,5
5379,4
5380,5
5381,10
5382,2
5383,11
5384,7
5385,5
5386,2
5387,6
5388,2
5389,13
5390,11
5391,4
5392,9
5393,14
5394,11
5395,3
5396,1
5397,7
5398,2
5399,9
5400,5
5401,2
5402,6
5403,7
5404,1
5405,7
5406,7
5407,12
5408,3
5409,10
5410,11
5411,4
5412,7
5413,5
5414,14
5415,15
5416,10
5417,4
5418,7
5419,6
5420,12
5421,5
5422,1
5423,4
5424,13
5425,14
5426,10
5427,2
5428,7
5429,11
5430,13
5431,5
5432,1
5433,4
5434,5
5435,8
5436,5
5437,7
5438,14
5439,3
5440,11
5441,1
5442,6
5443,13
5444,5
5445,15
5446,6
5447,1
5448,5
5449,9
5450,2
5451,4
5452,3
5453,9
5454,14
5455,4
5456,13
5457,4
5458,13
5459,11
5460,5
5461,14
5462,11
5463,14
5464,4
5465,1
5466,5
5467,3
5468,5
5469,13
5470,5
5471,2
5472,6
5473,6
5474,3
5475,10
5476,4
5477,7
5478,6
5479,2
5480,1
5481,11
5482,1
5483,12
5484,13
5485,2
5486,7
5487,8
5488,4
5489,4
5490,6
5491,1
5492,11
5493,6
5494,7
5495,9
5496,7
5497,5
5498,2
5499,1
5500,13
5501,2
5502,6
5503,8
5504,3
5505,5
5506,11
5507,6
5508,1
5509,5
5510,5
5511,13
5512,13
5513,8
5514,10
5515,9
5516,11
5517,3
5518,5
5519,5
5520,15
5521,4
5522,5
5523,1
5524,3
5525,4
5526,7
5527,1
5528,13
5529,6
5530,5
5531,3
5532,3
5533,13
5534,14
5535,3
5536,7
5537,11
5538,3
5539,5
5540,4
5541,6
5542,5
5543,10
5544,7
5545,7
5546,13
5547,11
5548,6
5549,13
5550,11
5551,4
5552,14
5553,5
5554,2
5555,1
5556,6
5557,2
5558,8
5559,11
5560,2
5561,2
5562,11
5563,3
5564,13
5565,4
5566,14
5567,3
5568,9
5569,11
5570,4
5571,7
5572,5
5573,6
5574,6
5575,3
5576,5
5577,3
5578,5
5579,11
5580,3
5581,12
5582,7
5583,3
5584,7
5585,14
5586,4
5587,14
5588,13
5589,4
5590,7
5591,3
5592,5
5593,3
5594,6
5595,4
5596,15
5597,10
5598,7
5599,5
5600,1
5601,13
5602,5
5603,6
5604,1
5605,3
5606,12
5607,2
5608,2
5609,2
5610,5
5611,7
5612,7
5613,5
5614,1
5615,13
5616,10
5617,14
5618,5
5619,1
5620,4
5621,5
5622,5
5623,11
5624,5
5625,13
5626,14
5627,1
5628,5
5629,7
5630,8
5631,4
5632,5
5633,3
5634,15
5635,14
5636,8
5637,7
5638,13
5639,13
5640,5
5641,5
5642,1
5643,7
5644,11
5645,1
5646,11
5647,5
5648,6
5649,5
5650,5
5651,7
5652,3
5653,5
5654,2
5655,3
5656,5
5657,7
5658,7
5659,7
5660,6
5661,5
5662,3
5663,6
5664,11
5665,10
5666,10
5667,6
5668,1
5669,3
5670,1
5671,6
5672,5
5673,2
5674,6
5675,5
5676,12
5677,4
5678,5
5679,6
5680,7
5681,15
5682,7
5683,7
5684,7
5685,8
5686,1
5687,6
5688,13
5689,7
5690,5
5691,5
5692,7
5693,5
5694,10
5695,9
5696,4
5697,9
5698,7
5699,13
5700,2
5701,4
5702,2
5703,13
5704,4
5705,7
5706,5
5707,5
5708,11
5709,1
5710,10
5711,10
5712,5
5713,5
5714,4
5715,13
5716,7
5717,13
5718,3
5719,6
5720,6
5721,9
5722,4
5723,1
5724,11
5725,1
5726,5
5727,5
5728,6
5729,2
5730,3
5731,11
5732,2
5733,13
5734,3
5735,13
5736,15
5737,7
5738,11
5739,5
5740,2
5741,6
5742,6
5743,1
5744,3
5745,8
5746,3
5747,6
5748,3
5749,13
5750,8
5751,13
5752,1
5753,7
5754,5
5755,3
5756,1
5757,15
5758,11
5759,6
5760,4
5761,5
5762,1
5763,9
5764,5
5765,7
5766,7
5767,6
5768,13
5769,2
5770,10
5771,11
5772,14
5773,4
5774,3
5775,1
5776,5
5777,4
5778,7
5779,5
5780,5
5781,15
5782,13
5783,9
5784,1
5785,5
5786,7
5787,1
5788,2
5789,2
5790,6
5791,6
5792,2
5793,1
5794,4
5795,1
5796,11
5797,13
5798,5
5799,4
5800,11
5801,1
5802,11
5803,3
5804,6
5805,4
5806,11
5807,1
5808,1
5809,4
5810,10
5811,11
5812,6
5813,6
5814,4
5815,3
5816,14
5817,1
5818,1
5819,4
5820,1
5821,5
5822,4
5823,4
5824,1
5825,14
5826,4
5827,5
5828,5
5829,1
5830,11
5831,1
5832,11
5833,13
5834,5
5835,4
5836,13
5837,7
5838,11
5839,4
5840,6
5841,1
5842,1
5843,7
5844,5
5845,5
5846,4
5847,9
5848,14
5849,13
5850,11
5851,2
5852,13
5853,3
5854,4
5855,6
5856,1
5857,4
5858,5
5859,5
5860,4
5861,11
5862,7
5863,3
5864,9
5865,7
5866,3
5867,13
5868,15
5869,8
5870,4
5871,3
5872,5
5873,4
5874,7
5875,1
5876,2
5877,3
5878,9
5879,1
5880,13
5881,6
5882,11
5883,11
5884,10
5885,6
5886,11
5887,1
5888,4
5889,6
5890,8
5891,11
5892,7
5893,2
5894,13
5895,11
5896,4
5897,7
5898,14
5899,5
5900,2
5901,13
5902,4
5903,7
5904,6
5905,9
5906,4
5907,6
5908,5
5909,2
5910,4
5911,5
5912,11
5913,5
5914,5
5915,13
5916,11
5917,7
5918,3
5919,7
5920,3
5921,1
5922,3
5923,6
5924,8
5925,11
5926,7
5927,4
5928,7
5929,3
5930,6
5931,11
5932,2
5933,7
5934,6
5935,5
5936,2
5937,3
5938,10
5939,5
5940,1
5941,6
5942,11
5943,1
5944,4
5945,6
5946,5
5947,15
5948,6
5949,6
5950,3
5951,6
5952,1
5953,1
5954,3
5955,4
5956,7
5957,11
5958,6
5959,3
5960,10
5961,1
5962,5
5963,6
5964,6
5965,4
5966,5
5967,4
5968,11
5969,7
5970,4
5971,4
5972,1
5973,11
5974,7
5975,4
5976,4
5977,5
5978,7
5979,7
5980,5
5981,5
5982,5
5983,8
5984,11
5985,7
5986,11
5987,8
5988,3
5989,4
5990,5
5991,5
5992,4
5993,3
5994,1
5995,3
5996,13
5997,13
5998,2
5999,11
6000,6
6001,8
6002,5
6003,8
6004,2
6005,5
6006,5
6007,2
6008,5
6009,11
6010,3
6011,6
6012,7
6013,4
6014,13
6015,11
6016,14
6017,6
6018,8
6019,6
6020,1
6021,2
6022,4
6023,2
6024,6
6025,14
6026,5
6027,6
6028,9
6029,5
6030,3
6031,1
6032,1
6033,5
6034,14
6035,4
6036,4
6037,6
6038,1
6039,1
6040,15
6041,13
6042,5
6043,3
6044,15
6045,6
6046,14
6047,6
6048,9
6049,3
6050,14
6051,2
6052,8
6053,14
6054,11
6055,1
6056,7
6057,14
6058,7
6059,3
6060,6
6061,6
6062,4
6063,5
6064,5
6065,1
6066,3
6067,2
6068,12
6069,5
6070,3
6071,11
6072,11
6073,1
6074,2
6075,9
6076,7
6077,4
6078,5
6079,14
6080,8
6081,4
6082,7
6083,5
6084,4
6085,8
6086,5
6087,11
6088,2
6089,13
6090,4
6091,7
6092,1
6093,7
6094,1
6095,11
6096,13
6097,5
6098,3
6099,8
6100,5
6101,14
6102,14
6103,7
6104,4
6105,11
6106,6
6107,11
6108,8
6109,5
6110,7
6111,4
6112,11
6113,3
6114,10
6115,13
6116,5
6117,5
6118,13
6119,4
6120,3
6121,1
6122,13
6123,5
6124,5
6125,13
6126,6
6127,6
6128,5
6129,5
6130,11
6131,1
6132,5
6133,6
6134,1
6135,5
6136,1
6137,14
6138,5
6139,11
6140,6
6141,13
6142,9
6143,1
6144,7
6145,6
6146,4
6147,13
6148,1
6149,9
6150,13
6151,6
6152,2
6153,9
6154,10
6155,12
6156,2
6157,5
6158,6
6159,5
6160,3
6161,13
6162,6
6163,4
6164,3
6165,4
6166,13
6167,2
6168,5
6169,7
6170,14
6171,1
6172,4
6173,4
6174,1
6175,6
6176,6
6177,5
6178,2
6179,1
6180,1
6181,14
6182,4
6183,4
6184,4
6185,8
6186,2
6187,4
6188,6
6189,5
6190,4
6191,6
6192,6
6193,8
6194,4
6195,2
6196,4
6197,11
6198,3
6199,7
6200,5
6201,5
6202,9
6203,11
6204,15
6205,5
6206,11
6207,13
6208,1
6209,14
6210,2
6211,15
6212,6
6213,11
6214,4
6215,3
6216,5
6217,3
6218,13
6219,7
6220,4
6221,4
6222,3
6223,8
6224,11
6225,11
6226,3
6227,11
6228,4
6229,4
6230,7
6231,4
6232,8
6233,7
6234,6
6235,7
6236,9
6237,9
6238,4
6239,11
6240,1
6241,2
6242,5
6243,9
6244,4
6245,1
6246,9
6247,1
6248,4
6249,4
6250,3
6251,5
6252,3
6253,4
6254,1
6255,6
6256,6
6257,13
6258,8
6259,5
6260,13
6261,11
6262,5
6263,10
6264,8
6265,11
6266,13
6267,6
6268,1
6269,5
6270,3
6271,13
6272,3
6273,1
6274,4
6275,4
6276,7
6277,2
6278,3
6279,4
6280,6
6281,4
6282,14
6283,11
6284,5
6285,5
6286,8
6287,5
6288,1
6289,11
6290,11
6291,5
6292,9
6293,6
6294,7
6295,11
6296,1
6297,5
6298,3
6299,2
6300,1
6301,13
6302,1
6303,1
6304,11
6305,1
6306,5
6307,13
6308,4
6309,4
6310,12
6311,7
6312,6
6313,2
6314,7
6315,2
6316,15
6317,8
6318,6
6319,6
6320,7
6321,5
6322,5
6323,6
6324,5
6325,3
6326,3
6327,4
6328,6
6329,6
6330,13
6331,6
6332,14
6333,3
6334,1
6335,1
6336,11
6337,6
6338,1
6339,11
6340,2
6341,1
6342,2
6343,3
6344,7
6345,11
6346,8
6347,10
6348,4
6349,1
6350,2
6351,6
6352,7
6353,1
6354,7
6355,4
6356,11
6357,7
6358,7
6359,11
6360,5
6361,1
6362,4
6363,3
6364,2
6365,7
6366,1
6367,8
6368,5
6369,1
6370,3
6371,11
6372,2
6373,10
6374,2
6375,14
6376,3
6377,15
6378,1
6379,4
6380,11
6381,5
6382,1
6383,1
6384,7
6385,7
6386,13
6387,2
6388,11
6389,3
6390,1
6391,7
6392,7
6393,13
6394,6
6395,11
6396,6
6397,6
6398,8
6399,1
6400,3
6401,8
6402,3
6403,5
6404,4
6405,9
6406,6
6407,6
6408,14
6409,3
6410,7
6411,1
6412,3
6413,4
6414,13
6415,9
6416,7
6417,13
6418,7
6419,1
6420,9
6421,5
6422,5
6423,6
6424,1
6425,2
6426,13
6427,5
6428,7
6429,4
6430,3
6431,9
6432,8
6433,13
6434,3
6435,2
6436,7
6437,2
6438,5
6439,4
6440,2
6441,11
6442,1
6443,4
6444,7
6445,11
6446,5
6447,3
6448,5
6449,7
6450,8
6451,6
6452,6
6453,3
6454,4
6455,9
6456,1
6457,7
6458,3
6459,2
6460,10
6461,2
6462,1
6463,1
6464,4
6465,14
6466,2
6467,4
6468,3
6469,9
6470,2
6471,7
6472,2
6473,2
6474,1
6475,1
6476,1
6477,1
6478,15
6479,2
6480,3
6481,3
6482,13
6483,11
6484,3
6485,3
6486,5
6487,1
